WKT,nama,deskripsi
"POLYGON ((106.7622758 -6.3017448, 106.7430497 -6.3679427, 106.7320634 -6.4389083, 106.8268205 -6.4641533, 106.8721391 -6.4900793, 106.9078446 -6.4184385, 106.8535996 -6.3372334, 106.7622758 -6.3017448))",Kota Administrasi Depok, Jawa Barat,
